comments_id,comment,posted, song_time, songs_id, users_id
1,JBOD efficient,Mon Feb 24 2020 02:12:35 GMT-0800 (PST),1:2,9905868, 5142918
2,Pennsylvania,Sun Feb 23 2020 11:32:15 GMT-0800 (PST),4:10,4817165, 5166213
3,teal Netherlands Antilles,Mon Feb 24 2020 09:09:52 GMT-0800 (PST),1:35,2770839, 7235069
4,Polarised Gabon,Mon Feb 24 2020 08:23:01 GMT-0800 (PST),0:51,6490837, 3769063
5,United Arab Emirates,Sun Feb 23 2020 22:17:06 GMT-0800 (PST),3:46,2818465, 2660442
6,Facilitator Planner,Mon Feb 24 2020 02:19:48 GMT-0800 (PST),0:8,8166021, 3605696
7,national,Mon Feb 24 2020 00:20:34 GMT-0800 (PST),3:30,8507505, 2368848
8,Checking Account,Mon Feb 24 2020 00:11:46 GMT-0800 (PST),0:12,7215956, 550606
9,Sweden end-to-end,Mon Feb 24 2020 04:02:25 GMT-0800 (PST),4:35,1876767, 9004875
10,mindshare,Mon Feb 24 2020 11:02:59 GMT-0800 (PST),0:21,950937, 5915614
11,pixel,Sun Feb 23 2020 20:14:27 GMT-0800 (PST),1:12,5254163, 7501211
12,Car,Mon Feb 24 2020 10:19:21 GMT-0800 (PST),3:39,6638672, 443421
13,withdrawal leverage superstructure,Mon Feb 24 2020 04:06:11 GMT-0800 (PST),1:32,1699206, 6054427
14,Electronics fresh-thinking Checking Account,Sun Feb 23 2020 23:18:28 GMT-0800 (PST),0:40,3911364, 6646784
15,invoice panel,Mon Feb 24 2020 01:42:04 GMT-0800 (PST),2:19,5382742, 8434480
16,invoice distributed Credit Card Account,Mon Feb 24 2020 00:59:04 GMT-0800 (PST),2:6,6344021, 4493518
17,navigating empowering,Mon Feb 24 2020 05:43:08 GMT-0800 (PST),2:12,5762904, 2821296
18,Wooden,Sun Feb 23 2020 14:53:02 GMT-0800 (PST),3:6,3471455, 7923059
19,orange ability Shoes,Sun Feb 23 2020 17:19:48 GMT-0800 (PST),2:56,5165766, 4097457
20,Rwanda leverage Bike,Mon Feb 24 2020 07:47:04 GMT-0800 (PST),3:49,4663234, 1854404
21,Steel Frozen Falkland Islands Pound,Mon Feb 24 2020 01:03:18 GMT-0800 (PST),1:50,8203551, 7855354
22,invoice human-resource,Mon Feb 24 2020 01:37:21 GMT-0800 (PST),1:25,7773937, 4003826
23,Kentucky Licensed Small Soft Shirt,Sun Feb 23 2020 23:30:12 GMT-0800 (PST),1:15,9659770, 4745379
24,time-frame invoice Branding,Mon Feb 24 2020 07:30:34 GMT-0800 (PST),0:15,6281505, 2854932
25,quantifying,Sun Feb 23 2020 15:32:42 GMT-0800 (PST),0:10,3233666, 6346042
26,deposit Program,Sun Feb 23 2020 11:54:23 GMT-0800 (PST),1:31,6272976, 7937795
27,Kenyan Shilling,Mon Feb 24 2020 02:11:38 GMT-0800 (PST),3:3,7380073, 1247081
28,Summit Manager,Mon Feb 24 2020 07:32:31 GMT-0800 (PST),1:17,867077, 1947660
29,Estonia digital Bacon,Mon Feb 24 2020 04:03:37 GMT-0800 (PST),1:15,7412723, 1949068
30,mobile,Sun Feb 23 2020 20:11:40 GMT-0800 (PST),2:50,7844733, 9963705
31,TCP,Sun Feb 23 2020 12:16:40 GMT-0800 (PST),4:53,3234771, 4158966
32,Tactics Auto Loan Account,Sun Feb 23 2020 15:18:21 GMT-0800 (PST),0:0,8347877, 5584356
33,Bedfordshire,Mon Feb 24 2020 00:03:57 GMT-0800 (PST),3:51,6457763, 4017220
34,withdrawal Sleek Frozen Mouse,Sun Feb 23 2020 23:24:54 GMT-0800 (PST),0:30,3149422, 2209964
35,Buckinghamshire,Sun Feb 23 2020 16:27:10 GMT-0800 (PST),3:34,799099, 5646265
36,Unbranded,Mon Feb 24 2020 05:33:23 GMT-0800 (PST),1:12,7705622, 3352865
37,Curve invoice,Sun Feb 23 2020 18:45:53 GMT-0800 (PST),4:15,5313105, 3699127
38,Cove,Sun Feb 23 2020 17:00:07 GMT-0800 (PST),4:12,3265776, 3784024
39,interactive,Sun Feb 23 2020 13:06:36 GMT-0800 (PST),4:34,7469202, 645738
40,driver Ville Kentucky,Mon Feb 24 2020 09:02:13 GMT-0800 (PST),2:4,737997, 9154989
41,Borders Borders,Mon Feb 24 2020 06:56:03 GMT-0800 (PST),3:11,9311335, 7308921
42,forecast,Sun Feb 23 2020 16:15:50 GMT-0800 (PST),0:17,3065154, 8694610
43,Central Toys,Mon Feb 24 2020 05:59:31 GMT-0800 (PST),3:33,9075034, 2902869
44,Principal Unbranded Soft Tuna metrics,Mon Feb 24 2020 02:00:32 GMT-0800 (PST),3:47,830050, 5274458
45,Money Market Account Idaho neural,Sun Feb 23 2020 20:13:04 GMT-0800 (PST),0:6,3462561, 4594690
46,Investor Belize Dollar,Sun Feb 23 2020 20:42:23 GMT-0800 (PST),4:58,5280101, 3284659
47,Credit Card Account,Sun Feb 23 2020 16:59:26 GMT-0800 (PST),4:55,3071968, 7894590
48,navigating,Mon Feb 24 2020 03:43:49 GMT-0800 (PST),0:59,9662142, 4440013
49,Summit,Sun Feb 23 2020 22:57:10 GMT-0800 (PST),2:21,1588157, 9046074
50,real-time,Mon Feb 24 2020 04:25:49 GMT-0800 (PST),3:15,6330466, 9484962
51,Handcrafted,Sun Feb 23 2020 23:22:49 GMT-0800 (PST),0:27,8136, 9371697
52,Ohio synthesize scalable,Sun Feb 23 2020 15:01:34 GMT-0800 (PST),4:28,9941938, 9471488
53,array Intelligent Steel Shoes silver,Mon Feb 24 2020 06:18:05 GMT-0800 (PST),2:52,6142301, 3105965
54,capacitor,Mon Feb 24 2020 01:58:06 GMT-0800 (PST),0:26,9363494, 7546777
55,Cambridgeshire,Sun Feb 23 2020 14:50:25 GMT-0800 (PST),2:1,4231411, 6892047
56,Checking Account,Sun Feb 23 2020 17:36:09 GMT-0800 (PST),2:11,619154, 944424
57,alarm Borders,Mon Feb 24 2020 05:53:20 GMT-0800 (PST),1:11,1136946, 3950137
58,monetize payment Borders,Sun Feb 23 2020 17:25:27 GMT-0800 (PST),4:12,8621171, 9035763
59,Handmade Steel Computer Saint Lucia Lithuanian Litas,Sun Feb 23 2020 18:42:57 GMT-0800 (PST),0:47,5831508, 8103795
60,Barbados Dollar withdrawal pixel,Mon Feb 24 2020 09:23:34 GMT-0800 (PST),2:13,4935658, 3660560
61,Personal Loan Account grey,Sun Feb 23 2020 15:50:04 GMT-0800 (PST),2:51,976132, 67181
62,Refined,Mon Feb 24 2020 00:06:13 GMT-0800 (PST),1:7,8337052, 1288952
63,projection Chicken IB,Mon Feb 24 2020 09:21:46 GMT-0800 (PST),0:1,5651853, 5669928
64,Web Venezuela Unbranded Cotton Fish,Mon Feb 24 2020 01:36:42 GMT-0800 (PST),4:34,7353401, 2107195
65,Green Metal,Mon Feb 24 2020 07:16:00 GMT-0800 (PST),4:30,7925314, 2044278
66,quantify Fresh Ball,Mon Feb 24 2020 07:39:55 GMT-0800 (PST),2:58,2571430, 2284529
67,Movies,Mon Feb 24 2020 10:10:18 GMT-0800 (PST),2:39,4848333, 8075758
68,B2C,Sun Feb 23 2020 12:51:32 GMT-0800 (PST),0:35,2829440, 2214613
69,Chicken Antarctica (the territory South of 60 deg S) Up-sized,Mon Feb 24 2020 00:30:43 GMT-0800 (PST),3:38,7753356, 8127557
70,Internal visionary visionary,Mon Feb 24 2020 07:02:44 GMT-0800 (PST),3:10,121783, 371353
71,Guinea Bike,Sun Feb 23 2020 18:33:45 GMT-0800 (PST),1:58,1640247, 5111595
72,Iraq viral Home Loan Account,Sun Feb 23 2020 14:13:35 GMT-0800 (PST),4:57,2787637, 6208551
73,Incredible Granite Car Ohio Kansas,Mon Feb 24 2020 05:03:26 GMT-0800 (PST),2:2,590347, 9352625
74,Pizza,Mon Feb 24 2020 04:53:33 GMT-0800 (PST),0:2,6348680, 8415392
75,UAE Dirham human-resource Village,Sun Feb 23 2020 22:21:16 GMT-0800 (PST),3:3,2396888, 8026295
76,Fantastic,Sun Feb 23 2020 13:44:28 GMT-0800 (PST),3:46,2537087, 6232092
77,Ferry adapter Junction,Mon Feb 24 2020 06:18:43 GMT-0800 (PST),1:48,6623931, 3238194
78,Bacon Grenada Music,Mon Feb 24 2020 01:23:13 GMT-0800 (PST),4:38,5809327, 3660669
79,Representative,Mon Feb 24 2020 07:12:14 GMT-0800 (PST),1:55,5780548, 300301
80,e-tailers scalable Sleek,Mon Feb 24 2020 09:55:11 GMT-0800 (PST),0:15,4259768, 9362659
81,Steel,Mon Feb 24 2020 10:36:34 GMT-0800 (PST),4:22,9962957, 2025170
82,task-force Ville XML,Mon Feb 24 2020 06:12:48 GMT-0800 (PST),2:35,8508122, 8114175
83,Car Global repurpose,Sun Feb 23 2020 14:23:13 GMT-0800 (PST),3:32,8740230, 829977
84,mindshare e-enable,Mon Feb 24 2020 06:55:02 GMT-0800 (PST),3:18,474962, 30173
85,Computer,Sun Feb 23 2020 15:48:51 GMT-0800 (PST),2:2,3332901, 5087719
86,bypassing,Mon Feb 24 2020 10:59:19 GMT-0800 (PST),4:11,6423451, 3257178
87,payment panel high-level,Mon Feb 24 2020 07:08:27 GMT-0800 (PST),3:11,9615317, 9556202
88,Investment Account generate Customizable,Mon Feb 24 2020 07:31:03 GMT-0800 (PST),3:52,1592133, 7294277
89,Group primary didactic,Sun Feb 23 2020 18:28:29 GMT-0800 (PST),4:3,5101188, 7538188
90,Estate,Sun Feb 23 2020 19:45:54 GMT-0800 (PST),1:19,9618769, 1090765
91,Gorgeous Granite Bacon,Mon Feb 24 2020 09:02:04 GMT-0800 (PST),1:36,5307076, 5226730
92,foreground,Sun Feb 23 2020 17:42:00 GMT-0800 (PST),0:44,523580, 432608
93,New York Auto Loan Account,Sun Feb 23 2020 12:46:53 GMT-0800 (PST),0:53,3509795, 7543198
94,optical Springs Jewelery,Sun Feb 23 2020 20:05:45 GMT-0800 (PST),0:8,945688, 9094487
95,parse,Sun Feb 23 2020 23:28:26 GMT-0800 (PST),4:0,4565659, 4060144
96,Home Loan Account Concrete green,Mon Feb 24 2020 10:18:58 GMT-0800 (PST),4:46,2378578, 140704
97,Fantastic Poland,Sun Feb 23 2020 18:32:40 GMT-0800 (PST),1:47,7688404, 3417382
98,Salad Wooden,Mon Feb 24 2020 09:18:35 GMT-0800 (PST),4:0,9272953, 7059314
99,Dynamic Grenada,Mon Feb 24 2020 06:43:23 GMT-0800 (PST),4:20,741270, 8033088
100,optical Personal Loan Account,Mon Feb 24 2020 04:48:42 GMT-0800 (PST),2:2,1835618, 6915797
101,input,Sun Feb 23 2020 22:18:40 GMT-0800 (PST),2:16,3455045, 6973973
102,parsing throughput time-frame,Mon Feb 24 2020 06:29:20 GMT-0800 (PST),0:39,5029573, 4021881
103,seize Bedfordshire drive,Mon Feb 24 2020 08:02:11 GMT-0800 (PST),4:20,6782773, 7771435
104,PCI,Mon Feb 24 2020 06:23:32 GMT-0800 (PST),3:38,5480839, 3809919
105,deposit,Mon Feb 24 2020 01:46:13 GMT-0800 (PST),4:21,9659462, 8714946
106,parsing Chips Chicken,Mon Feb 24 2020 05:36:43 GMT-0800 (PST),0:25,667144, 1835724
107,circuit,Mon Feb 24 2020 02:07:32 GMT-0800 (PST),0:19,5931934, 9187944
108,optimizing Borders,Mon Feb 24 2020 00:01:23 GMT-0800 (PST),0:43,2754208, 4562839
109,Personal Loan Account green,Mon Feb 24 2020 10:50:23 GMT-0800 (PST),2:19,5952665, 5064957
110,web-enabled,Sun Feb 23 2020 21:33:47 GMT-0800 (PST),2:11,9018390, 5267260
111,platforms maroon,Mon Feb 24 2020 07:50:08 GMT-0800 (PST),3:55,4818709, 6874447
112,Robust Tasty Metal Chips visionary,Mon Feb 24 2020 04:12:44 GMT-0800 (PST),4:25,7637604, 8095071
113,Mill Optional Camp,Sun Feb 23 2020 18:36:30 GMT-0800 (PST),0:30,9760870, 3383687
114,Sleek Concrete Soap seize,Sun Feb 23 2020 22:18:10 GMT-0800 (PST),1:19,767643, 4082765
115,Bacon Synergized hub,Mon Feb 24 2020 05:16:00 GMT-0800 (PST),1:22,3802533, 7038540
116,Corporate,Sun Feb 23 2020 21:20:39 GMT-0800 (PST),3:2,5578393, 8931441
117,XSS program Incredible Rubber Shirt,Sun Feb 23 2020 23:14:04 GMT-0800 (PST),3:13,8636991, 4297288
118,Research Cotton alarm,Sun Feb 23 2020 11:25:35 GMT-0800 (PST),3:39,4740614, 6868512
119,extranet COM iterate,Sun Feb 23 2020 12:20:45 GMT-0800 (PST),4:2,475186, 3422557
120,Tennessee,Mon Feb 24 2020 02:07:39 GMT-0800 (PST),0:28,7648169, 4684809
121,Pants,Sun Feb 23 2020 18:48:51 GMT-0800 (PST),4:30,2059761, 6090730
122,Drive Mandatory B2C,Sun Feb 23 2020 22:02:24 GMT-0800 (PST),3:30,3250254, 3459903
123,Organic,Mon Feb 24 2020 00:57:50 GMT-0800 (PST),3:1,607089, 6097629
124,exploit,Sun Feb 23 2020 13:39:53 GMT-0800 (PST),0:3,8275062, 4145262
125,Missouri quantifying withdrawal,Sun Feb 23 2020 12:14:48 GMT-0800 (PST),4:13,1020750, 2573687
126,Arizona Austria Quality-focused,Sun Feb 23 2020 14:37:01 GMT-0800 (PST),1:9,271243, 8853653
127,ivory JBOD,Sun Feb 23 2020 20:20:04 GMT-0800 (PST),2:24,4331449, 1349971
128,enterprise,Mon Feb 24 2020 05:30:47 GMT-0800 (PST),0:32,3843760, 5841977
129,content Guyana Dollar Congolese Franc,Sun Feb 23 2020 15:06:08 GMT-0800 (PST),2:22,1686194, 5199253
130,hack multi-byte Representative,Mon Feb 24 2020 08:47:49 GMT-0800 (PST),4:21,4942896, 7438627
131,Philippine Peso Tenge,Sun Feb 23 2020 20:26:17 GMT-0800 (PST),3:21,7342595, 6847846
132,out-of-the-box withdrawal,Sun Feb 23 2020 20:41:46 GMT-0800 (PST),0:46,6306570, 7507297
133,Seamless backing up Valley,Mon Feb 24 2020 01:26:32 GMT-0800 (PST),2:16,5075287, 9460783
134,mobile Director Bacon,Mon Feb 24 2020 05:39:18 GMT-0800 (PST),3:34,1742360, 5930988
135,Wooden neural Branding,Mon Feb 24 2020 04:45:42 GMT-0800 (PST),1:42,4336109, 9341071
136,e-commerce Research,Sun Feb 23 2020 20:23:18 GMT-0800 (PST),4:43,8773127, 9020176
137,District copying Ford,Mon Feb 24 2020 02:53:49 GMT-0800 (PST),1:2,8691133, 8264571
138,Metal,Mon Feb 24 2020 03:19:52 GMT-0800 (PST),1:54,5430259, 3940037
139,Buckinghamshire,Sun Feb 23 2020 20:35:40 GMT-0800 (PST),4:42,6177865, 4210073
140,array navigating,Mon Feb 24 2020 06:04:33 GMT-0800 (PST),1:22,6754652, 4905953
141,Tasty Wooden Mouse,Mon Feb 24 2020 07:12:40 GMT-0800 (PST),2:53,4375188, 3459077
142,El Salvador Colon US Dollar synthesize Small,Mon Feb 24 2020 01:26:40 GMT-0800 (PST),0:46,8308647, 3477
143,Towels discrete,Mon Feb 24 2020 08:58:27 GMT-0800 (PST),3:27,2065611, 5407817
144,XML Moldova,Mon Feb 24 2020 10:45:03 GMT-0800 (PST),4:55,2603729, 4948020
145,Lead Incredible Metal Gloves invoice,Sun Feb 23 2020 18:44:59 GMT-0800 (PST),4:47,6127258, 6659551
146,Human model olive,Mon Feb 24 2020 02:11:49 GMT-0800 (PST),1:4,9455645, 1914281
147,Credit Card Account Investor Checking Account,Sun Feb 23 2020 21:24:48 GMT-0800 (PST),1:34,8932917, 9828209
148,FTP,Sun Feb 23 2020 22:02:10 GMT-0800 (PST),0:42,7613034, 4798840
149,Meadows,Mon Feb 24 2020 00:06:13 GMT-0800 (PST),1:34,4510466, 753590
150,Agent Division dedicated,Sun Feb 23 2020 15:47:23 GMT-0800 (PST),3:12,6459620, 5979651
151,Engineer Small software,Sun Feb 23 2020 14:48:32 GMT-0800 (PST),2:35,5167506, 588853
152,intuitive Small Steel Pizza bluetooth,Sun Feb 23 2020 11:58:15 GMT-0800 (PST),1:44,9247136, 6842308
153,eyeballs,Mon Feb 24 2020 07:22:56 GMT-0800 (PST),2:45,3590658, 826923
154,feed,Sun Feb 23 2020 20:03:54 GMT-0800 (PST),2:24,8503296, 9584644
155,portals Future connecting,Mon Feb 24 2020 02:50:48 GMT-0800 (PST),0:8,1963806, 6672327
156,Face to face unleash Cameroon,Sun Feb 23 2020 18:32:20 GMT-0800 (PST),4:33,8192882, 7322661
157,Identity,Sun Feb 23 2020 20:05:12 GMT-0800 (PST),2:10,8443927, 7542868
158,parse,Sun Feb 23 2020 11:27:58 GMT-0800 (PST),4:32,8292288, 6521332
159,even-keeled,Mon Feb 24 2020 11:02:49 GMT-0800 (PST),3:13,5603242, 8548135
160,Alley,Mon Feb 24 2020 01:35:34 GMT-0800 (PST),4:3,3310720, 5753891
161,connect Locks,Mon Feb 24 2020 02:54:06 GMT-0800 (PST),1:50,4347617, 5484560
162,Belgium,Sun Feb 23 2020 23:20:57 GMT-0800 (PST),0:36,4033814, 8437184
163,Communications optical,Mon Feb 24 2020 06:00:10 GMT-0800 (PST),1:14,7513055, 7869942
164,Facilitator Handmade Wooden Computer,Sun Feb 23 2020 13:34:56 GMT-0800 (PST),3:14,4096574, 7221464
165,User-friendly invoice,Sun Feb 23 2020 14:41:32 GMT-0800 (PST),2:15,5501439, 3589141
166,Austria Phased integrate,Mon Feb 24 2020 08:21:23 GMT-0800 (PST),2:15,3967877, 4656709
167,Zimbabwe Home,Mon Feb 24 2020 05:34:25 GMT-0800 (PST),4:31,9793941, 7966421
168,Money Market Account Gorgeous,Sun Feb 23 2020 12:28:33 GMT-0800 (PST),2:9,9794050, 2077568
169,deposit dynamic,Sun Feb 23 2020 19:36:05 GMT-0800 (PST),1:57,9542902, 5354495
170,quantify program,Mon Feb 24 2020 09:31:46 GMT-0800 (PST),4:11,245568, 9755062
171,synergies Lane Trinidad and Tobago,Mon Feb 24 2020 00:54:12 GMT-0800 (PST),0:49,4125401, 6063640
172,content-based platforms haptic,Mon Feb 24 2020 08:50:26 GMT-0800 (PST),2:35,455142, 4756587
173,Chair Open-source,Sun Feb 23 2020 16:08:36 GMT-0800 (PST),2:23,6858477, 4411070
174,withdrawal,Mon Feb 24 2020 05:31:32 GMT-0800 (PST),4:54,3493436, 2360071
175,Intelligent Falls,Sun Feb 23 2020 20:21:35 GMT-0800 (PST),2:49,8246096, 8990623
176,calculating Gateway,Sun Feb 23 2020 23:41:51 GMT-0800 (PST),0:44,7170132, 9153026
177,invoice Mongolia,Sun Feb 23 2020 22:06:02 GMT-0800 (PST),4:2,8589921, 9469409
178,Investment Account,Mon Feb 24 2020 10:58:59 GMT-0800 (PST),1:4,5447424, 1852967
179,Savings Account Incredible Cotton Ball,Mon Feb 24 2020 10:37:02 GMT-0800 (PST),3:5,2427631, 931481
180,Fantastic Metal Soap,Sun Feb 23 2020 16:05:40 GMT-0800 (PST),3:47,9067135, 2534230
181,generate Zimbabwe Dollar,Sun Feb 23 2020 17:56:38 GMT-0800 (PST),1:5,7139465, 7170284
182,iterate efficient,Sun Feb 23 2020 19:04:38 GMT-0800 (PST),1:10,866598, 4677116
183,Table Multi-layered,Mon Feb 24 2020 09:32:44 GMT-0800 (PST),1:36,868465, 6285115
184,initiatives capability,Sun Feb 23 2020 18:09:02 GMT-0800 (PST),0:57,9142556, 710922
185,Games Future-proofed,Sun Feb 23 2020 21:38:21 GMT-0800 (PST),3:2,4475805, 7023318
186,index Borders invoice,Mon Feb 24 2020 10:00:11 GMT-0800 (PST),3:1,3010612, 6263509
187,grey,Sun Feb 23 2020 23:28:22 GMT-0800 (PST),2:33,3272775, 3675600
188,salmon real-time RAM,Sun Feb 23 2020 22:45:37 GMT-0800 (PST),1:38,4295129, 5015274
189,Money Market Account,Sun Feb 23 2020 13:55:19 GMT-0800 (PST),3:8,1490985, 5484426
190,optical,Mon Feb 24 2020 02:14:04 GMT-0800 (PST),3:44,3736920, 4998351
191,Sleek auxiliary,Sun Feb 23 2020 23:59:06 GMT-0800 (PST),2:53,5372049, 8536208
192,Cambridgeshire dot-com Avon,Sun Feb 23 2020 22:41:39 GMT-0800 (PST),4:53,6500135, 5742324
193,Savings Account,Mon Feb 24 2020 05:50:55 GMT-0800 (PST),2:48,982613, 5429098
194,white pricing structure,Mon Feb 24 2020 06:30:12 GMT-0800 (PST),3:22,537876, 7015045
195,mobile,Mon Feb 24 2020 02:23:46 GMT-0800 (PST),3:6,7962082, 6896843
196,driver,Mon Feb 24 2020 00:21:35 GMT-0800 (PST),2:29,9018436, 6011762
197,Manager Licensed Concrete Chips Baby,Mon Feb 24 2020 08:04:21 GMT-0800 (PST),1:59,6554133, 8015334
198,systems port Berkshire,Sun Feb 23 2020 15:38:08 GMT-0800 (PST),2:29,6705254, 4348819
199,Rubber global,Sun Feb 23 2020 14:40:18 GMT-0800 (PST),0:5,8700919, 808162
200,Hryvnia users,Mon Feb 24 2020 04:35:45 GMT-0800 (PST),4:15,2912203, 721702
